-- phpMyAdmin SQL Dump
-- version 4.8.5
-- https://www.phpmyadmin.net/
--
-- Anamakine: localhost:3306
-- Üretim Zamanı: 16 Kas 2019, 14:34:35
-- Sunucu sürümü: 10.1.41-MariaDB
-- PHP Sürümü: 7.2.7

SET SQL_MODE = "NO_AUTO_VALUE_ON_ZERO";
SET AUTOCOMMIT = 0;
START TRANSACTION;
SET time_zone = "+00:00";


/*!40101 SET @OLD_CHARACTER_SET_CLIENT=@@CHARACTER_SET_CLIENT */;
/*!40101 SET @OLD_CHARACTER_SET_RESULTS=@@CHARACTER_SET_RESULTS */;
/*!40101 SET @OLD_COLLATION_CONNECTION=@@COLLATION_CONNECTION */;
/*!40101 SET NAMES utf8mb4 */;


-- --------------------------------------------------------

--
-- Tablo için tablo yapısı `question_db`
--

CREATE TABLE `question_db` (
  `question_id` int(11) NOT NULL,
  `question_sub_id` int(11) NOT NULL DEFAULT '0',
  `question_question` text COLLATE utf8_turkish_ci NOT NULL,
  `question_truAnswer` int(11) NOT NULL DEFAULT '0',
  `question_time` int(11) NOT NULL DEFAULT '50'
) ENGINE=InnoDB DEFAULT CHARSET=utf8 COLLATE=utf8_turkish_ci;

--
-- Tablo döküm verisi `question_db`
--

INSERT INTO `question_db` (`question_id`, `question_sub_id`, `question_question`, `question_truAnswer`, `question_time`) VALUES
(1, 0, 'NE .... TÜRKÜM DİYENE!', 0, 10),
(2, 1, 'TÜRKÜM', 1, 0),
(3, 1, 'TÜRKÜM', 1, 0),
(4, 1, 'TÜRKÜM', 1, 0),
(5, 1, 'TÜRKÜM', 1, 0),
(6, 0, '\'Hiçbir şeye muhtaç değiliz, yalnız tekbir şeye ihtiyacımız vardır; … olmak.\' M.Kemal Atatürk\"', 0, 30),
(7, 6, 'çalışkan', 1, 0),
(8, 6, 'tembel', 0, 0),
(9, 6, 'aptal', 0, 0),
(10, 6, 'iki yüzlü', 0, 0),
(13, 0, 'Aşağıdakilerden hangisi UTM açılımıdır ?', 0, 30),
(14, 13, 'Unified Threat Management', 1, 0),
(15, 13, 'Unified Three Management', 0, 0),
(16, 13, 'Uni Three Management', 0, 0),
(17, 13, 'Uni Threat Management', 0, 0),
(18, 0, '2017 yılında yapılan OWASP Top 10 araştırma sonuç sıralamasında aşağıdakilerden hangisi yoktur ?', 0, 50),
(23, 18, 'Data Scraping', 1, 0),
(24, 18, 'Cross-Site Scripting', 0, 0),
(25, 18, 'SQL Injection', 0, 0),
(26, 18, 'Broken Authentication', 0, 0),
(27, 0, 'Exploitability kavramı aşağıdakilerden hangisinde doğru verilmiştir ? ', 0, 50),
(28, 27, 'Bir saldırganın güvenlik açıklarından yararlanmasının ne kadar kolay veya ne kadar zor olduğunu belirtir.', 1, 50),
(29, 27, 'Sistem veya uygulama açığının ne sıklıkla görüldüğünü belirtir.', 0, 50),
(30, 27, 'Saldırganların ve diğer kullanıcıların güvenlik açıklarını bulmasının kolaylığının ölçüsüdür.', 0, 50),
(31, 27, 'Açıktan yararlanıldığı takdirde verilen hasarın derecesidir.', 0, 50),
(32, 0, 'Firewall nedir ?', 0, 50),
(33, 32, 'Firewall bilgisayar sistemleri için üretilen güvenlik duvarı sistemleridir.', 1, 50),
(34, 32, 'Firewall internete güvenli bir şekilde bağlanmayı sağlayan bir duvardır.', 0, 50),
(35, 32, 'Firewall gelen ve giden tüm verileri şifreleyip, ağda zararlı paketleri engellemektir.', 0, 50),
(36, 32, 'Firewall anamoli isteklerini engellemeye yarayan güvenlik duvarı sistemidir.', 0, 50),
(37, 0, 'Aşağıdakilerden hangisi temel Firewall çeşididir?', 0, 50),
(38, 37, 'Donanım', 1, 50),
(39, 37, 'Modem/Router', 0, 50),
(40, 37, 'İnternet', 0, 50),
(41, 37, 'Bulut Sistemleri', 0, 50),
(42, 0, 'Aşağıdaki Firewall türlerinden hangisi sunucu veya sistemlere performansını veya sunucularınızın hızını etkilemez?', 0, 50),
(43, 42, 'Donanım', 1, 50),
(44, 42, 'Yazılım', 0, 50),
(45, 42, 'İnternet', 0, 50),
(46, 42, 'Modem/Router', 0, 50),
(47, 0, 'UTM aşağıdaki özelliklerden hangisini barındırmaz? ', 0, 50),
(48, 47, 'IPS/IDS', 0, 50),
(49, 47, 'Web/Uygulama Filtreleme', 0, 50),
(50, 47, 'Log Yönetimi', 0, 50),
(51, 47, 'İnternet', 1, 50),
(52, 0, 'UTM ile hangisi yapılır?', 0, 50),
(53, 52, 'Bir şirket içerisinde çalışanların sosyal medya erişimleri engellenebilir.', 1, 50),
(54, 52, 'Virüsler, trojanlar, spamlar ve benzeri saldırıları gerçekleştirilebilir.', 0, 50),
(55, 52, 'Saldırı altında, anti virüs sistemlerini devre dışı bırakılabilir.', 0, 50),
(56, 52, 'İstemcilerde ek donanım ve/veya yazılım ile limitleme ve yasaklar koyabilirsiniz.', 0, 50),
(57, 0, 'CMS altınde yer alan sistemlerde en çok hangisi saldırı almaktadır?', 0, 50),
(58, 57, 'Wordpress', 1, 50),
(59, 57, 'Instagram', 0, 50),
(60, 57, 'Joomla', 0, 50),
(61, 57, 'Whatsapp', 0, 50),
(62, 0, 'SERP açılımı nedir?', 0, 50),
(63, 62, 'Search Engine Results Pages', 1, 50),
(64, 62, 'Search Engineer Research Point', 0, 50),
(65, 62, 'Search Elastics Result Pages ', 0, 50),
(66, 62, 'Search Engine Research Point', 0, 50),
(67, 0, '2017 istatistiklerine göre Saldıraya uygrayan sitelerde yer alan Kötü Amaçlı Yazılım Ailesi altında en çok kullanılan yöntemlerden birisi değildir ?', 0, 50),
(68, 67, 'Backdoor', 0, 50),
(69, 67, 'Malware', 0, 50),
(70, 67, 'Spam SEO', 0, 50),
(71, 67, 'Siber Zorbalık', 1, 50),
(72, 0, 'AWS WAF hangi şirket tarafından geliştirilmektedir?', 0, 50),
(73, 72, 'Amazon', 1, 50),
(74, 72, 'Google', 0, 50),
(75, 72, 'Norton', 0, 50),
(76, 72, 'Microsoft / Windows', 0, 50),
(77, 0, 'KVKK açılımı nedir ?', 0, 50),
(78, 77, 'Kişisel Verilerin Korunması Kanunu', 1, 50),
(79, 77, 'Kurumlar Vergisinin Korunması Kanunu', 0, 50),
(80, 77, 'Kurumsal Vizyonun Korunması Kanunu', 0, 50),
(81, 77, 'Kurumsal Verilerin Korunması Kanunu', 0, 50);

-- --------------------------------------------------------

--
-- Tablo için tablo yapısı `results_db`
--

CREATE TABLE `results_db` (
  `results_id` int(11) NOT NULL,
  `results_students_id` int(11) NOT NULL,
  `results_question` varchar(100) COLLATE utf8_turkish_ci NOT NULL,
  `results_answer` varchar(100) COLLATE utf8_turkish_ci NOT NULL,
  `result_true` int(11) DEFAULT '0'
) ENGINE=InnoDB DEFAULT CHARSET=utf8 COLLATE=utf8_turkish_ci;

--
-- Tablo döküm verisi `results_db`
--

INSERT INTO `results_db` (`results_id`, `results_students_id`, `results_question`, `results_answer`, `result_true`) VALUES
(1, 1, '1', 'TÜRKÜM', 1),
(2, 1, '6', 'çalışkan', 1),
(3, 1, '42', 'Donanım', 1),
(4, 1, '47', 'İnternet', 1),
(5, 1, '13', 'Unified Threat Management', 1),
(6, 1, '37', 'Donanım', 1),
(7, 1, '52', 'Bir şirket içerisinde çalışanların sosyal medya erişimleri engellenebilir.', 1),
(8, 1, '32', 'Firewall bilgisayar sistemleri için üretilen güvenlik duvarı sistemleridir.', 1),
(9, 1, '62', 'Search Engine Results Pages', 1),
(10, 1, '72', 'Amazon', 1),
(11, 1, '67', 'Siber Zorbalık', 1),
(12, 1, '27', 'Bir saldırganın güvenlik açıklarından yararlanmasının ne kadar kolay veya ne kadar zor olduğunu beli', 1),
(13, 1, '18', 'Data Scraping', 1),
(14, 1, '57', 'Wordpress', 1),
(15, 1, '77', 'Kişisel Verilerin Korunması Kanunu', 1),
(16, 2, '1', 'TÜRKÜM', 1),
(17, 2, '6', 'çalışkan', 1),
(18, 2, '13', 'Unified Threat Management', 1),
(19, 2, '18', 'Data Scraping', 1),
(20, 2, '32', 'Firewall anamoli isteklerini engellemeye yarayan güvenlik duvarı sistemidir.', 0),
(21, 2, '57', 'Wordpress', 1),
(22, 2, '52', 'İstemcilerde ek donanım ve/veya yazılım ile limitleme ve yasaklar koyabilirsiniz.', 0),
(23, 2, '27', 'Saldırganların ve diğer kullanıcıların güvenlik açıklarını bulmasının kolaylığının ölçüsüdür.', 0),
(24, 2, '67', 'Malware', 0),
(25, 2, '37', 'Modem/Router', 0),
(26, 2, '42', 'Donanım', 1),
(27, 2, '47', 'Log Yönetimi', 0),
(28, 2, '77', 'Kişisel Verilerin Korunması Kanunu', 1),
(29, 2, '72', 'Amazon', 1),
(30, 2, '62', 'Search Engine Research Point', 0),
(31, 3, '1', 'TÜRKÜM', 1),
(32, 3, '6', 'çalışkan', 1),
(33, 3, '62', 'Search Engine Results Pages', 1),
(34, 3, '67', 'Malware', 0),
(35, 3, '18', 'Data Scraping', 1),
(36, 3, '32', 'Firewall internete güvenli bir şekilde bağlanmayı sağlayan bir duvardır.', 0),
(37, 3, '52', 'Virüsler, trojanlar, spamlar ve benzeri saldırıları gerçekleştirilebilir.', 0),
(38, 3, '37', 'Bulut Sistemleri', 0),
(39, 3, '27', 'Sistem veya uygulama açığının ne sıklıkla görüldüğünü belirtir.', 0),
(40, 3, '77', 'Kurumsal Vizyonun Korunması Kanunu', 0),
(41, 3, '13', 'Unified Threat Management', 1),
(42, 3, '72', 'Norton', 0),
(43, 3, '47', 'IPS/IDS', 0),
(44, 3, '42', 'Modem/Router', 0),
(45, 3, '57', 'Wordpress', 1),
(46, 4, '1', 'TÜRKÜM', 1),
(47, 4, '6', 'çalışkan', 1),
(48, 4, '18', 'Data Scraping', 1),
(49, 4, '57', 'Wordpress', 1),
(50, 4, '62', 'Search Engine Research Point', 0),
(51, 4, '67', 'Siber Zorbalık', 1),
(52, 4, '77', 'Kişisel Verilerin Korunması Kanunu', 1),
(53, 4, '72', 'Microsoft / Windows', 0),
(54, 4, '52', 'İstemcilerde ek donanım ve/veya yazılım ile limitleme ve yasaklar koyabilirsiniz.', 0),
(55, 4, '13', 'Unified Threat Management', 1),
(56, 4, '47', 'İnternet', 1),
(57, 4, '42', 'İnternet', 0),
(58, 4, '32', 'Firewall anamoli isteklerini engellemeye yarayan güvenlik duvarı sistemidir.', 0),
(59, 4, '37', 'Modem/Router', 0),
(60, 4, '27', 'Açıktan yararlanıldığı takdirde verilen hasarın derecesidir.', 0),
(61, 5, '1', 'TÜRKÜM', 1),
(62, 5, '6', 'çalışkan', 1),
(63, 5, '37', 'Donanım', 1),
(64, 5, '42', 'Donanım', 1),
(65, 5, '18', 'Broken Authentication', 0),
(66, 5, '47', 'İnternet', 1),
(67, 5, '62', 'Search Engine Results Pages', 1),
(68, 5, '13', 'Unified Three Management', 0),
(69, 5, '32', 'Firewall bilgisayar sistemleri için üretilen güvenlik duvarı sistemleridir.', 1),
(70, 5, '52', 'Virüsler, trojanlar, spamlar ve benzeri saldırıları gerçekleştirilebilir.', 0),
(71, 5, '57', 'Wordpress', 1),
(72, 5, '77', 'Kişisel Verilerin Korunması Kanunu', 1),
(73, 5, '67', 'Siber Zorbalık', 1),
(74, 5, '72', 'Amazon', 1),
(75, 6, '1', 'TÜRKÜM', 1),
(76, 6, '6', 'çalışkan', 1),
(77, 6, '62', 'Search Engine Research Point', 0),
(78, 6, '37', 'İnternet', 0),
(79, 6, '27', 'Sistem veya uygulama açığının ne sıklıkla görüldüğünü belirtir.', 0),
(80, 6, '72', 'Norton', 0),
(81, 6, '77', 'Kişisel Verilerin Korunması Kanunu', 1),
(82, 6, '13', 'Unified Threat Management', 1),
(83, 6, '42', 'Modem/Router', 0),
(84, 6, '67', 'Malware', 0),
(85, 6, '32', 'Firewall gelen ve giden tüm verileri şifreleyip, ağda zararlı paketleri engellemektir.', 0),
(86, 6, '57', 'Wordpress', 1),
(87, 6, '52', 'Virüsler, trojanlar, spamlar ve benzeri saldırıları gerçekleştirilebilir.', 0),
(88, 6, '18', 'SQL Injection', 0),
(89, 6, '47', 'Log Yönetimi', 0),
(90, 7, '1', 'TÜRKÜM', 1),
(91, 7, '6', 'çalışkan', 1),
(92, 7, '77', 'Kişisel Verilerin Korunması Kanunu', 1),
(93, 7, '57', 'Wordpress', 1),
(94, 7, '67', 'Spam SEO', 0),
(95, 7, '52', 'İstemcilerde ek donanım ve/veya yazılım ile limitleme ve yasaklar koyabilirsiniz.', 0),
(96, 7, '13', 'Unified Threat Management', 1),
(97, 7, '32', 'Firewall bilgisayar sistemleri için üretilen güvenlik duvarı sistemleridir.', 1),
(98, 7, '42', 'İnternet', 0),
(99, 7, '47', 'İnternet', 1),
(100, 7, '72', 'Microsoft / Windows', 0),
(101, 7, '62', 'Search Engine Research Point', 0),
(102, 7, '37', 'Modem/Router', 0),
(103, 7, '18', 'Data Scraping', 1),
(104, 8, '1', 'TÜRKÜM', 1),
(105, 8, '6', 'çalışkan', 1),
(106, 8, '13', 'Unified Three Management', 0),
(107, 8, '27', 'Bir saldırganın güvenlik açıklarından yararlanmasının ne kadar kolay veya ne kadar zor olduğunu beli', 1),
(108, 8, '42', 'Donanım', 1),
(109, 8, '37', 'Modem/Router', 0),
(110, 8, '32', 'Firewall bilgisayar sistemleri için üretilen güvenlik duvarı sistemleridir.', 1),
(111, 8, '77', 'Kişisel Verilerin Korunması Kanunu', 1),
(112, 8, '57', 'Wordpress', 1),
(113, 8, '72', 'Amazon', 1),
(114, 8, '18', 'SQL Injection', 0),
(115, 8, '62', 'Search Engineer Research Point', 0),
(116, 8, '47', 'İnternet', 1),
(117, 8, '67', 'Backdoor', 0),
(118, 8, '52', 'Saldırı altında, anti virüs sistemlerini devre dışı bırakılabilir.', 0),
(119, 9, '1', 'TÜRKÜM', 1),
(120, 9, '6', 'çalışkan', 1),
(121, 9, '13', 'Unified Three Management', 0),
(122, 9, '52', 'Saldırı altında, anti virüs sistemlerini devre dışı bırakılabilir.', 0),
(123, 9, '62', 'Search Engine Results Pages', 1),
(124, 9, '57', 'Wordpress', 1),
(125, 9, '67', 'Backdoor', 0),
(126, 9, '37', 'Modem/Router', 0),
(127, 9, '32', 'Firewall anamoli isteklerini engellemeye yarayan güvenlik duvarı sistemidir.', 0),
(128, 9, '42', 'Modem/Router', 0),
(129, 9, '18', 'SQL Injection', 0),
(130, 9, '47', 'Web/Uygulama Filtreleme', 0),
(131, 9, '27', 'Açıktan yararlanıldığı takdirde verilen hasarın derecesidir.', 0),
(132, 9, '77', 'Kişisel Verilerin Korunması Kanunu', 1),
(133, 10, '1', 'TÜRKÜM', 1),
(134, 10, '6', 'çalışkan', 1),
(135, 10, '42', 'Yazılım', 0),
(136, 10, '77', 'Kişisel Verilerin Korunması Kanunu', 1),
(137, 10, '18', 'Cross-Site Scripting', 0),
(138, 10, '37', 'Bulut Sistemleri', 0),
(139, 10, '27', 'Sistem veya uygulama açığının ne sıklıkla görüldüğünü belirtir.', 0),
(140, 10, '13', 'Unified Three Management', 0),
(141, 10, '57', 'Wordpress', 1),
(142, 10, '67', 'Siber Zorbalık', 1),
(143, 10, '72', 'Amazon', 1),
(144, 10, '32', 'Firewall gelen ve giden tüm verileri şifreleyip, ağda zararlı paketleri engellemektir.', 0),
(145, 10, '47', 'Log Yönetimi', 0),
(146, 10, '62', 'Search Engine Research Point', 0),
(147, 11, '1', 'TÜRKÜM', 1),
(148, 11, '6', 'çalışkan', 1),
(149, 11, '62', 'Search Engine Results Pages', 1),
(150, 11, '67', 'Siber Zorbalık', 1),
(151, 11, '18', 'Broken Authentication', 0),
(152, 11, '32', 'Firewall bilgisayar sistemleri için üretilen güvenlik duvarı sistemleridir.', 1),
(153, 11, '52', 'İstemcilerde ek donanım ve/veya yazılım ile limitleme ve yasaklar koyabilirsiniz.', 0),
(154, 11, '37', 'Donanım', 1),
(155, 11, '27', 'Saldırganların ve diğer kullanıcıların güvenlik açıklarını bulmasının kolaylığının ölçüsüdür.', 0),
(156, 11, '77', 'Kişisel Verilerin Korunması Kanunu', 1),
(157, 11, '13', 'Unified Threat Management', 1),
(158, 11, '72', 'Amazon', 1),
(159, 11, '47', 'İnternet', 1),
(160, 11, '42', 'İnternet', 0),
(161, 11, '57', 'Wordpress', 1),
(162, 12, '1', 'TÜRKÜM', 1),
(163, 12, '6', 'çalışkan', 1),
(164, 12, '62', 'Search Engine Research Point', 0),
(165, 12, '67', 'Siber Zorbalık', 1),
(166, 12, '18', 'Broken Authentication', 0),
(167, 12, '32', 'Firewall bilgisayar sistemleri için üretilen güvenlik duvarı sistemleridir.', 1),
(168, 12, '52', 'İstemcilerde ek donanım ve/veya yazılım ile limitleme ve yasaklar koyabilirsiniz.', 0),
(169, 12, '37', 'Donanım', 1),
(170, 12, '27', 'Saldırganların ve diğer kullanıcıların güvenlik açıklarını bulmasının kolaylığının ölçüsüdür.', 0),
(171, 12, '77', 'Kişisel Verilerin Korunması Kanunu', 1),
(172, 12, '13', 'Unified Threat Management', 1),
(173, 12, '72', 'Amazon', 1),
(174, 12, '47', 'İnternet', 1),
(175, 12, '42', 'İnternet', 0),
(176, 12, '57', 'Wordpress', 1),
(177, 13, '1', 'TÜRKÜM', 1),
(178, 13, '6', 'çalışkan', 1),
(179, 13, '62', 'Search Engine Results Pages', 1),
(180, 13, '37', 'Donanım', 1),
(181, 13, '77', 'Kişisel Verilerin Korunması Kanunu', 1),
(182, 13, '27', 'Saldırganların ve diğer kullanıcıların güvenlik açıklarını bulmasının kolaylığının ölçüsüdür.', 0),
(183, 13, '67', 'Spam SEO', 0),
(184, 13, '18', 'Data Scraping', 1),
(185, 13, '42', 'İnternet', 0),
(186, 13, '57', 'Wordpress', 1),
(187, 13, '52', 'İstemcilerde ek donanım ve/veya yazılım ile limitleme ve yasaklar koyabilirsiniz.', 0),
(188, 13, '32', 'Firewall bilgisayar sistemleri için üretilen güvenlik duvarı sistemleridir.', 1),
(189, 13, '72', 'Amazon', 1),
(190, 13, '47', 'İnternet', 1),
(191, 13, '13', 'Unified Threat Management', 1),
(192, 14, '1', 'TÜRKÜM', 1),
(193, 14, '6', 'çalışkan', 1),
(194, 14, '37', 'Donanım', 1),
(195, 14, '27', 'Bir saldırganın güvenlik açıklarından yararlanmasının ne kadar kolay veya ne kadar zor olduğunu beli', 1),
(196, 14, '67', 'Siber Zorbalık', 1),
(197, 14, '77', 'Kişisel Verilerin Korunması Kanunu', 1),
(198, 14, '32', 'Firewall bilgisayar sistemleri için üretilen güvenlik duvarı sistemleridir.', 1),
(199, 14, '13', 'Unified Threat Management', 1),
(200, 14, '62', 'Search Engine Results Pages', 1),
(201, 14, '47', 'İnternet', 1),
(202, 14, '42', 'Yazılım', 0),
(203, 14, '57', 'Wordpress', 1),
(204, 14, '52', 'İstemcilerde ek donanım ve/veya yazılım ile limitleme ve yasaklar koyabilirsiniz.', 0),
(205, 14, '18', 'SQL Injection', 0),
(206, 14, '72', 'Amazon', 1),
(207, 15, '1', 'TÜRKÜM', 1),
(208, 15, '6', 'çalışkan', 1),
(209, 15, '42', 'Donanım', 1),
(210, 15, '52', 'İstemcilerde ek donanım ve/veya yazılım ile limitleme ve yasaklar koyabilirsiniz.', 0),
(211, 15, '62', 'Search Engineer Research Point', 0),
(212, 15, '72', 'Microsoft / Windows', 0),
(213, 15, '57', 'Wordpress', 1),
(214, 15, '27', 'Sistem veya uygulama açığının ne sıklıkla görüldüğünü belirtir.', 0),
(215, 15, '32', 'Firewall gelen ve giden tüm verileri şifreleyip, ağda zararlı paketleri engellemektir.', 0),
(216, 15, '77', 'Kişisel Verilerin Korunması Kanunu', 1),
(217, 15, '67', 'Malware', 0),
(218, 15, '13', 'Unified Threat Management', 1),
(219, 15, '47', 'Log Yönetimi', 0),
(220, 16, '1', 'TÜRKÜM', 1),
(221, 16, '6', 'çalışkan', 1),
(222, 16, '57', 'Wordpress', 1),
(223, 16, '52', 'İstemcilerde ek donanım ve/veya yazılım ile limitleme ve yasaklar koyabilirsiniz.', 0),
(224, 16, '37', 'Modem/Router', 0),
(225, 16, '27', 'Sistem veya uygulama açığının ne sıklıkla görüldüğünü belirtir.', 0),
(226, 16, '77', 'Kurumsal Verilerin Korunması Kanunu', 0),
(227, 16, '67', 'Siber Zorbalık', 1),
(228, 16, '47', 'İnternet', 1),
(229, 16, '72', 'Amazon', 1),
(230, 16, '62', 'Search Engine Research Point', 0),
(231, 16, '18', 'Data Scraping', 1),
(232, 16, '13', 'Unified Threat Management', 1),
(233, 16, '32', 'Firewall bilgisayar sistemleri için üretilen güvenlik duvarı sistemleridir.', 1),
(234, 16, '42', 'İnternet', 0),
(235, 17, '1', 'TÜRKÜM', 1),
(236, 17, '6', 'çalışkan', 1),
(237, 17, '62', 'Search Engine Research Point', 0),
(238, 17, '67', 'Spam SEO', 0),
(239, 17, '18', 'Broken Authentication', 0),
(240, 17, '32', 'Firewall bilgisayar sistemleri için üretilen güvenlik duvarı sistemleridir.', 1),
(241, 17, '52', 'Saldırı altında, anti virüs sistemlerini devre dışı bırakılabilir.', 0),
(242, 17, '37', 'Modem/Router', 0),
(243, 17, '27', 'Saldırganların ve diğer kullanıcıların güvenlik açıklarını bulmasının kolaylığının ölçüsüdür.', 0),
(244, 17, '77', 'Kişisel Verilerin Korunması Kanunu', 1),
(245, 17, '13', 'Unified Three Management', 0),
(246, 17, '72', 'Amazon', 1),
(247, 17, '47', 'İnternet', 1),
(248, 17, '42', 'İnternet', 0),
(249, 17, '57', 'Wordpress', 1),
(250, 18, '1', 'TÜRKÜM', 1),
(251, 18, '6', 'çalışkan', 1),
(252, 18, '77', 'Kişisel Verilerin Korunması Kanunu', 1),
(253, 18, '57', 'Wordpress', 1),
(254, 18, '18', 'SQL Injection', 0),
(255, 18, '67', 'Siber Zorbalık', 1),
(256, 18, '32', 'Firewall gelen ve giden tüm verileri şifreleyip, ağda zararlı paketleri engellemektir.', 0),
(257, 18, '13', 'Unified Threat Management', 1),
(258, 18, '72', 'Amazon', 1),
(259, 18, '42', 'Modem/Router', 0),
(260, 18, '27', 'Bir saldırganın güvenlik açıklarından yararlanmasının ne kadar kolay veya ne kadar zor olduğunu beli', 1),
(261, 18, '37', 'Donanım', 1),
(262, 18, '52', 'İstemcilerde ek donanım ve/veya yazılım ile limitleme ve yasaklar koyabilirsiniz.', 0),
(263, 18, '62', 'Search Engine Results Pages', 1),
(264, 18, '47', 'İnternet', 1),
(265, 19, '1', 'TÜRKÜM', 1),
(266, 19, '6', 'çalışkan', 1),
(267, 19, '62', 'Search Engine Results Pages', 1),
(268, 19, '37', 'Modem/Router', 0),
(269, 19, '72', 'Norton', 0),
(270, 19, '13', 'Unified Threat Management', 1),
(271, 19, '67', 'Spam SEO', 0),
(272, 19, '52', 'İstemcilerde ek donanım ve/veya yazılım ile limitleme ve yasaklar koyabilirsiniz.', 0),
(273, 19, '57', 'Wordpress', 1),
(274, 19, '32', 'Firewall anamoli isteklerini engellemeye yarayan güvenlik duvarı sistemidir.', 0),
(275, 19, '27', 'Bir saldırganın güvenlik açıklarından yararlanmasının ne kadar kolay veya ne kadar zor olduğunu beli', 1),
(276, 19, '42', 'Donanım', 1),
(277, 19, '47', 'İnternet', 1),
(278, 19, '77', 'Kişisel Verilerin Korunması Kanunu', 1),
(279, 20, '1', 'TÜRKÜM', 1),
(280, 20, '6', 'çalışkan', 1),
(281, 20, '62', 'Search Engineer Research Point', 0),
(282, 20, '67', 'Backdoor', 0),
(283, 20, '18', 'SQL Injection', 0),
(284, 20, '32', 'Firewall bilgisayar sistemleri için üretilen güvenlik duvarı sistemleridir.', 1),
(285, 20, '52', 'Virüsler, trojanlar, spamlar ve benzeri saldırıları gerçekleştirilebilir.', 0),
(286, 20, '37', 'Modem/Router', 0),
(287, 20, '27', 'Saldırganların ve diğer kullanıcıların güvenlik açıklarını bulmasının kolaylığının ölçüsüdür.', 0),
(288, 20, '77', 'Kişisel Verilerin Korunması Kanunu', 1),
(289, 20, '13', 'Uni Threat Management', 0),
(290, 20, '72', 'Microsoft / Windows', 0),
(291, 20, '47', 'Log Yönetimi', 0),
(292, 20, '42', 'Donanım', 1),
(293, 20, '57', 'Joomla', 0),
(294, 21, '1', 'TÜRKÜM', 1),
(295, 21, '6', 'çalışkan', 1),
(296, 21, '32', 'Firewall anamoli isteklerini engellemeye yarayan güvenlik duvarı sistemidir.', 0),
(297, 21, '52', 'Saldırı altında, anti virüs sistemlerini devre dışı bırakılabilir.', 0),
(298, 21, '62', 'Search Engine Research Point', 0),
(299, 21, '67', 'Siber Zorbalık', 1),
(300, 21, '47', 'İnternet', 1),
(301, 21, '27', 'Bir saldırganın güvenlik açıklarından yararlanmasının ne kadar kolay veya ne kadar zor olduğunu beli', 1),
(302, 21, '13', 'Unified Three Management', 0),
(303, 21, '57', 'Joomla', 0),
(304, 21, '37', 'Modem/Router', 0),
(305, 21, '42', 'İnternet', 0),
(306, 21, '18', 'Broken Authentication', 0),
(307, 21, '72', 'Amazon', 1),
(308, 21, '77', 'Kişisel Verilerin Korunması Kanunu', 1),
(309, 22, '1', 'TÜRKÜM', 1),
(310, 22, '6', 'çalışkan', 1),
(311, 22, '77', 'Kişisel Verilerin Korunması Kanunu', 1),
(312, 22, '37', 'Modem/Router', 0),
(313, 22, '18', 'Cross-Site Scripting', 0),
(314, 22, '52', 'İstemcilerde ek donanım ve/veya yazılım ile limitleme ve yasaklar koyabilirsiniz.', 0),
(315, 22, '72', 'Amazon', 1),
(316, 22, '62', 'Search Engine Research Point', 0),
(317, 22, '57', 'Wordpress', 1),
(318, 22, '13', 'Unified Threat Management', 1),
(319, 22, '32', 'Firewall gelen ve giden tüm verileri şifreleyip, ağda zararlı paketleri engellemektir.', 0),
(320, 22, '47', 'İnternet', 1),
(321, 22, '42', 'İnternet', 0),
(322, 22, '27', 'Sistem veya uygulama açığının ne sıklıkla görüldüğünü belirtir.', 0),
(323, 23, '1', 'TÜRKÜM', 1),
(324, 23, '6', 'çalışkan', 1),
(325, 23, '67', 'Siber Zorbalık', 1),
(326, 23, '37', 'Donanım', 1),
(327, 23, '47', 'Web/Uygulama Filtreleme', 0),
(328, 23, '52', 'İstemcilerde ek donanım ve/veya yazılım ile limitleme ve yasaklar koyabilirsiniz.', 0),
(329, 23, '18', 'Broken Authentication', 0),
(330, 23, '77', 'Kişisel Verilerin Korunması Kanunu', 1),
(331, 23, '42', 'Yazılım', 0),
(332, 23, '72', 'Amazon', 1),
(333, 23, '62', 'Search Engineer Research Point', 0),
(334, 23, '27', 'Bir saldırganın güvenlik açıklarından yararlanmasının ne kadar kolay veya ne kadar zor olduğunu beli', 1),
(335, 23, '13', 'Unified Three Management', 0),
(336, 23, '57', 'Wordpress', 1),
(337, 23, '32', 'Firewall anamoli isteklerini engellemeye yarayan güvenlik duvarı sistemidir.', 0),
(338, 24, '1', 'TÜRKÜM', 1),
(339, 24, '6', 'çalışkan', 1),
(340, 24, '32', 'Firewall gelen ve giden tüm verileri şifreleyip, ağda zararlı paketleri engellemektir.', 0),
(341, 24, '27', 'Açıktan yararlanıldığı takdirde verilen hasarın derecesidir.', 0),
(342, 24, '77', 'Kişisel Verilerin Korunması Kanunu', 1),
(343, 24, '57', 'Wordpress', 1),
(344, 24, '52', 'İstemcilerde ek donanım ve/veya yazılım ile limitleme ve yasaklar koyabilirsiniz.', 0),
(345, 24, '13', 'Unified Threat Management', 1),
(346, 24, '62', 'Search Engine Results Pages', 1),
(347, 24, '18', 'Data Scraping', 1),
(348, 24, '47', 'İnternet', 1),
(349, 24, '42', 'Modem/Router', 0),
(350, 24, '67', 'Siber Zorbalık', 1),
(351, 24, '37', 'Bulut Sistemleri', 0),
(352, 24, '72', 'Amazon', 1),
(353, 25, '1', 'TÜRKÜM', 1),
(354, 25, '6', 'çalışkan', 1),
(355, 25, '37', 'Donanım', 1),
(356, 25, '27', 'Bir saldırganın güvenlik açıklarından yararlanmasının ne kadar kolay veya ne kadar zor olduğunu beli', 1),
(357, 25, '67', 'Backdoor', 0),
(358, 25, '77', 'Kişisel Verilerin Korunması Kanunu', 1),
(359, 25, '32', 'Firewall internete güvenli bir şekilde bağlanmayı sağlayan bir duvardır.', 0),
(360, 25, '13', 'Unified Three Management', 0),
(361, 25, '62', 'Search Engineer Research Point', 0),
(362, 25, '47', 'Web/Uygulama Filtreleme', 0),
(363, 25, '42', 'Modem/Router', 0),
(364, 25, '57', 'Wordpress', 1),
(365, 25, '52', 'Virüsler, trojanlar, spamlar ve benzeri saldırıları gerçekleştirilebilir.', 0),
(366, 25, '18', 'SQL Injection', 0),
(367, 25, '72', 'Amazon', 1),
(368, 26, '1', 'TÜRKÜM', 1),
(369, 26, '6', 'çalışkan', 1),
(370, 26, '47', 'İnternet', 1),
(371, 26, '18', 'Data Scraping', 1),
(372, 26, '67', 'Malware', 0),
(373, 26, '77', 'Kurumsal Verilerin Korunması Kanunu', 0),
(374, 26, '62', 'Search Engine Results Pages', 1),
(375, 26, '37', 'Modem/Router', 0),
(376, 26, '57', 'Wordpress', 1),
(377, 26, '72', 'Microsoft / Windows', 0),
(378, 26, '27', 'Saldırganların ve diğer kullanıcıların güvenlik açıklarını bulmasının kolaylığının ölçüsüdür.', 0),
(379, 26, '52', 'Virüsler, trojanlar, spamlar ve benzeri saldırıları gerçekleştirilebilir.', 0),
(380, 26, '42', 'Modem/Router', 0),
(381, 26, '32', 'Firewall bilgisayar sistemleri için üretilen güvenlik duvarı sistemleridir.', 1),
(382, 26, '13', 'Unified Threat Management', 1),
(383, 27, '1', 'TÜRKÜM', 1),
(384, 27, '6', 'çalışkan', 1),
(385, 27, '13', 'Unified Threat Management', 1),
(386, 27, '52', 'Virüsler, trojanlar, spamlar ve benzeri saldırıları gerçekleştirilebilir.', 0),
(387, 27, '32', 'Firewall anamoli isteklerini engellemeye yarayan güvenlik duvarı sistemidir.', 0),
(388, 27, '18', 'SQL Injection', 0),
(389, 27, '72', 'Microsoft / Windows', 0),
(390, 27, '47', 'İnternet', 1),
(391, 27, '62', 'Search Engine Results Pages', 1),
(392, 27, '37', 'Donanım', 1),
(393, 27, '67', 'Malware', 0),
(394, 27, '42', 'Modem/Router', 0),
(395, 27, '57', 'Wordpress', 1),
(396, 27, '27', 'Saldırganların ve diğer kullanıcıların güvenlik açıklarını bulmasının kolaylığının ölçüsüdür.', 0),
(397, 27, '77', 'Kişisel Verilerin Korunması Kanunu', 1),
(398, 28, '1', 'TÜRKÜM', 1),
(399, 28, '6', 'çalışkan', 1),
(400, 28, '42', 'Modem/Router', 0),
(401, 28, '62', 'Search Elastics Result Pages ', 0),
(402, 28, '77', 'Kişisel Verilerin Korunması Kanunu', 1),
(403, 28, '13', 'Unified Threat Management', 1),
(404, 28, '18', 'Data Scraping', 1),
(405, 28, '37', 'Modem/Router', 0),
(406, 28, '47', 'İnternet', 1),
(407, 28, '52', 'Virüsler, trojanlar, spamlar ve benzeri saldırıları gerçekleştirilebilir.', 0),
(408, 28, '67', 'Spam SEO', 0),
(409, 28, '72', 'Amazon', 1),
(410, 28, '57', 'Wordpress', 1),
(411, 28, '32', 'Firewall gelen ve giden tüm verileri şifreleyip, ağda zararlı paketleri engellemektir.', 0),
(412, 29, '1', 'TÜRKÜM', 1),
(413, 29, '6', 'çalışkan', 1),
(414, 29, '57', 'Wordpress', 1),
(415, 29, '42', 'Donanım', 1),
(416, 29, '72', 'Amazon', 1),
(417, 29, '32', 'Firewall anamoli isteklerini engellemeye yarayan güvenlik duvarı sistemidir.', 0),
(418, 29, '62', 'Search Engine Research Point', 0),
(419, 29, '47', 'İnternet', 1),
(420, 29, '37', 'Modem/Router', 0),
(421, 29, '52', 'İstemcilerde ek donanım ve/veya yazılım ile limitleme ve yasaklar koyabilirsiniz.', 0),
(422, 29, '13', 'Unified Threat Management', 1),
(423, 29, '67', 'Siber Zorbalık', 1),
(424, 29, '18', 'SQL Injection', 0),
(425, 29, '27', 'Saldırganların ve diğer kullanıcıların güvenlik açıklarını bulmasının kolaylığının ölçüsüdür.', 0),
(426, 29, '77', 'Kişisel Verilerin Korunması Kanunu', 1),
(427, 30, '1', 'TÜRKÜM', 1),
(428, 30, '6', 'çalışkan', 1),
(429, 30, '37', 'İnternet', 0),
(430, 30, '27', 'Sistem veya uygulama açığının ne sıklıkla görüldüğünü belirtir.', 0),
(431, 30, '67', 'Backdoor', 0),
(432, 30, '77', 'Kişisel Verilerin Korunması Kanunu', 1),
(433, 30, '32', 'Firewall bilgisayar sistemleri için üretilen güvenlik duvarı sistemleridir.', 1),
(434, 30, '13', 'Unified Threat Management', 1),
(435, 30, '62', 'Search Engine Results Pages', 1),
(436, 30, '47', 'IPS/IDS', 0),
(437, 30, '42', 'Donanım', 1),
(438, 30, '57', 'Wordpress', 1),
(439, 30, '52', 'İstemcilerde ek donanım ve/veya yazılım ile limitleme ve yasaklar koyabilirsiniz.', 0),
(440, 30, '18', 'Data Scraping', 1),
(441, 30, '72', 'Amazon', 1),
(442, 31, '1', 'TÜRKÜM', 1),
(443, 31, '6', 'çalışkan', 1),
(444, 31, '52', 'İstemcilerde ek donanım ve/veya yazılım ile limitleme ve yasaklar koyabilirsiniz.', 0),
(445, 31, '27', 'Bir saldırganın güvenlik açıklarından yararlanmasının ne kadar kolay veya ne kadar zor olduğunu beli', 1),
(446, 31, '67', 'Malware', 0),
(447, 31, '32', 'Firewall bilgisayar sistemleri için üretilen güvenlik duvarı sistemleridir.', 1),
(448, 31, '57', 'Wordpress', 1),
(449, 31, '72', 'Amazon', 1),
(450, 31, '18', 'Data Scraping', 1),
(451, 31, '77', 'Kişisel Verilerin Korunması Kanunu', 1),
(452, 31, '62', 'Search Engine Results Pages', 1),
(453, 31, '42', 'İnternet', 0),
(454, 31, '13', 'Unified Threat Management', 1),
(455, 31, '37', 'Donanım', 1),
(456, 31, '47', 'İnternet', 1),
(457, 32, '1', 'TÜRKÜM', 1),
(458, 32, '6', 'çalışkan', 1),
(459, 32, '77', 'Kişisel Verilerin Korunması Kanunu', 1),
(460, 32, '13', 'Unified Threat Management', 1),
(461, 32, '72', 'Amazon', 1),
(462, 32, '47', 'İnternet', 1),
(463, 32, '62', 'Search Engine Research Point', 0),
(464, 32, '27', 'Bir saldırganın güvenlik açıklarından yararlanmasının ne kadar kolay veya ne kadar zor olduğunu beli', 1),
(465, 32, '42', 'Donanım', 1),
(466, 32, '52', 'İstemcilerde ek donanım ve/veya yazılım ile limitleme ve yasaklar koyabilirsiniz.', 0),
(467, 32, '37', 'Modem/Router', 0),
(468, 32, '32', 'Firewall anamoli isteklerini engellemeye yarayan güvenlik duvarı sistemidir.', 0),
(469, 32, '67', 'Siber Zorbalık', 1),
(470, 32, '57', 'Joomla', 0),
(471, 32, '18', 'Data Scraping', 1),
(472, 33, '1', 'TÜRKÜM', 1),
(473, 33, '6', 'çalışkan', 1),
(474, 33, '72', 'Amazon', 1),
(475, 33, '32', 'Firewall bilgisayar sistemleri için üretilen güvenlik duvarı sistemleridir.', 1),
(476, 33, '57', 'Wordpress', 1),
(477, 33, '52', 'Saldırı altında, anti virüs sistemlerini devre dışı bırakılabilir.', 0),
(478, 33, '27', 'Açıktan yararlanıldığı takdirde verilen hasarın derecesidir.', 0),
(479, 33, '13', 'Unified Threat Management', 1),
(480, 33, '42', 'Donanım', 1),
(481, 33, '47', 'İnternet', 1),
(482, 33, '18', 'Data Scraping', 1),
(483, 33, '37', 'Donanım', 1),
(484, 33, '67', 'Malware', 0),
(485, 33, '77', 'Kişisel Verilerin Korunması Kanunu', 1),
(486, 33, '62', 'Search Engine Results Pages', 1),
(487, 34, '1', 'TÜRKÜM', 1),
(488, 34, '6', 'çalışkan', 1),
(489, 34, '52', 'Virüsler, trojanlar, spamlar ve benzeri saldırıları gerçekleştirilebilir.', 0),
(490, 34, '72', 'Microsoft / Windows', 0),
(491, 34, '62', 'Search Elastics Result Pages ', 0),
(492, 34, '57', 'Wordpress', 1),
(493, 34, '47', 'İnternet', 1),
(494, 34, '13', 'Uni Three Management', 0),
(495, 34, '42', 'Modem/Router', 0),
(496, 34, '67', 'Siber Zorbalık', 1),
(497, 34, '32', 'Firewall bilgisayar sistemleri için üretilen güvenlik duvarı sistemleridir.', 1),
(498, 34, '37', 'Modem/Router', 0),
(499, 34, '77', 'Kişisel Verilerin Korunması Kanunu', 1),
(500, 34, '27', 'Açıktan yararlanıldığı takdirde verilen hasarın derecesidir.', 0),
(501, 34, '18', 'Cross-Site Scripting', 0),
(502, 35, '1', 'TÜRKÜM', 1),
(503, 35, '6', 'çalışkan', 1),
(504, 35, '13', 'Unified Threat Management', 1),
(505, 35, '52', 'İstemcilerde ek donanım ve/veya yazılım ile limitleme ve yasaklar koyabilirsiniz.', 0),
(506, 35, '57', 'Wordpress', 1),
(507, 35, '72', 'Google', 0),
(508, 35, '18', 'Broken Authentication', 0),
(509, 35, '27', 'Bir saldırganın güvenlik açıklarından yararlanmasının ne kadar kolay veya ne kadar zor olduğunu beli', 1),
(510, 35, '62', 'Search Engine Research Point', 0),
(511, 35, '47', 'İnternet', 1),
(512, 35, '32', 'Firewall gelen ve giden tüm verileri şifreleyip, ağda zararlı paketleri engellemektir.', 0),
(513, 35, '42', 'Modem/Router', 0),
(514, 35, '37', 'Donanım', 1),
(515, 35, '67', 'Spam SEO', 0),
(516, 35, '77', 'Kişisel Verilerin Korunması Kanunu', 1),
(517, 36, '1', 'TÜRKÜM', 1),
(518, 36, '6', 'çalışkan', 1),
(519, 36, '72', 'Amazon', 1),
(520, 36, '37', 'Donanım', 1),
(521, 36, '18', 'Broken Authentication', 0),
(522, 36, '57', 'Wordpress', 1),
(523, 36, '32', 'Firewall bilgisayar sistemleri için üretilen güvenlik duvarı sistemleridir.', 1),
(524, 36, '42', 'Modem/Router', 0),
(525, 36, '13', 'Unified Threat Management', 1),
(526, 36, '77', 'Kişisel Verilerin Korunması Kanunu', 1),
(527, 36, '67', 'Spam SEO', 0),
(528, 36, '52', 'İstemcilerde ek donanım ve/veya yazılım ile limitleme ve yasaklar koyabilirsiniz.', 0),
(529, 36, '62', 'Search Engine Results Pages', 1),
(530, 36, '47', 'İnternet', 1),
(531, 37, '1', 'TÜRKÜM', 1),
(532, 37, '6', 'çalışkan', 1),
(533, 37, '32', 'Firewall gelen ve giden tüm verileri şifreleyip, ağda zararlı paketleri engellemektir.', 0),
(534, 37, '52', 'İstemcilerde ek donanım ve/veya yazılım ile limitleme ve yasaklar koyabilirsiniz.', 0),
(535, 37, '42', 'İnternet', 0),
(536, 37, '77', 'Kişisel Verilerin Korunması Kanunu', 1),
(537, 37, '27', 'Açıktan yararlanıldığı takdirde verilen hasarın derecesidir.', 0),
(538, 37, '62', 'Search Engine Research Point', 0),
(539, 37, '13', 'Unified Threat Management', 1),
(540, 37, '37', 'Donanım', 1),
(541, 37, '57', 'Wordpress', 1),
(542, 37, '18', 'Data Scraping', 1),
(543, 37, '72', 'Amazon', 1),
(544, 37, '47', 'İnternet', 1),
(545, 38, '1', 'TÜRKÜM', 1),
(546, 38, '6', 'çalışkan', 1),
(547, 38, '62', 'Search Engine Research Point', 0),
(548, 38, '67', 'Siber Zorbalık', 1),
(549, 38, '18', 'Data Scraping', 1),
(550, 38, '32', 'Firewall gelen ve giden tüm verileri şifreleyip, ağda zararlı paketleri engellemektir.', 0),
(551, 38, '52', 'Virüsler, trojanlar, spamlar ve benzeri saldırıları gerçekleştirilebilir.', 0),
(552, 38, '37', 'Modem/Router', 0),
(553, 38, '27', 'Saldırganların ve diğer kullanıcıların güvenlik açıklarını bulmasının kolaylığının ölçüsüdür.', 0),
(554, 38, '77', 'Kişisel Verilerin Korunması Kanunu', 1),
(555, 38, '13', 'Unified Threat Management', 1),
(556, 38, '72', 'Amazon', 1),
(557, 38, '47', 'İnternet', 1),
(558, 38, '42', 'İnternet', 0),
(559, 38, '57', 'Wordpress', 1),
(560, 39, '1', 'TÜRKÜM', 1),
(561, 39, '6', 'çalışkan', 1),
(562, 39, '37', 'Donanım', 1),
(563, 39, '42', 'Donanım', 1),
(564, 39, '18', 'Data Scraping', 1),
(565, 39, '47', 'Web/Uygulama Filtreleme', 0),
(566, 39, '27', 'Saldırganların ve diğer kullanıcıların güvenlik açıklarını bulmasının kolaylığının ölçüsüdür.', 0),
(567, 39, '62', 'Search Engine Results Pages', 1),
(568, 39, '13', 'Unified Threat Management', 1),
(569, 39, '32', 'Firewall anamoli isteklerini engellemeye yarayan güvenlik duvarı sistemidir.', 0),
(570, 39, '52', 'İstemcilerde ek donanım ve/veya yazılım ile limitleme ve yasaklar koyabilirsiniz.', 0),
(571, 39, '57', 'Instagram', 0),
(572, 39, '77', 'Kişisel Verilerin Korunması Kanunu', 1),
(573, 39, '67', 'Siber Zorbalık', 1),
(574, 39, '72', 'Amazon', 1),
(575, 40, '1', 'TÜRKÜM', 1),
(576, 40, '42', 'İnternet', 0),
(577, 40, '37', 'Modem/Router', 0),
(578, 40, '32', 'Firewall anamoli isteklerini engellemeye yarayan güvenlik duvarı sistemidir.', 0),
(579, 40, '57', 'Wordpress', 1),
(580, 40, '67', 'Spam SEO', 0),
(581, 40, '62', 'Search Engineer Research Point', 0),
(582, 40, '77', 'Kişisel Verilerin Korunması Kanunu', 1),
(583, 40, '52', 'İstemcilerde ek donanım ve/veya yazılım ile limitleme ve yasaklar koyabilirsiniz.', 0),
(584, 40, '13', 'Unified Threat Management', 1),
(585, 40, '18', 'Broken Authentication', 0),
(586, 40, '72', 'Norton', 0),
(587, 40, '47', 'İnternet', 1),
(588, 41, '1', 'TÜRKÜM', 1),
(589, 41, '6', 'çalışkan', 1),
(590, 41, '32', 'Firewall bilgisayar sistemleri için üretilen güvenlik duvarı sistemleridir.', 1),
(591, 41, '67', 'Backdoor', 0),
(592, 41, '47', 'İnternet', 1),
(593, 41, '77', 'Kurumsal Vizyonun Korunması Kanunu', 0),
(594, 41, '37', 'Donanım', 1),
(595, 41, '62', 'Search Engine Results Pages', 1),
(596, 41, '72', 'Amazon', 1),
(597, 41, '27', 'Bir saldırganın güvenlik açıklarından yararlanmasının ne kadar kolay veya ne kadar zor olduğunu beli', 1),
(598, 41, '18', 'Cross-Site Scripting', 0),
(599, 41, '42', 'Donanım', 1),
(600, 41, '52', 'İstemcilerde ek donanım ve/veya yazılım ile limitleme ve yasaklar koyabilirsiniz.', 0),
(601, 41, '13', 'Unified Threat Management', 1),
(602, 41, '57', 'Wordpress', 1),
(603, 42, '1', 'TÜRKÜM', 1),
(604, 42, '6', 'çalışkan', 1),
(605, 42, '18', 'Cross-Site Scripting', 0),
(606, 42, '72', 'Microsoft / Windows', 0),
(607, 42, '37', 'Donanım', 1),
(608, 42, '52', 'İstemcilerde ek donanım ve/veya yazılım ile limitleme ve yasaklar koyabilirsiniz.', 0),
(609, 42, '67', 'Malware', 0),
(610, 42, '27', 'Sistem veya uygulama açığının ne sıklıkla görüldüğünü belirtir.', 0),
(611, 42, '13', 'Unified Threat Management', 1),
(612, 42, '32', 'Firewall gelen ve giden tüm verileri şifreleyip, ağda zararlı paketleri engellemektir.', 0),
(613, 42, '47', 'İnternet', 1),
(614, 42, '57', 'Wordpress', 1),
(615, 42, '77', 'Kurumsal Verilerin Korunması Kanunu', 0),
(616, 42, '42', 'İnternet', 0),
(617, 42, '62', 'Search Engineer Research Point', 0),
(618, 43, '1', 'TÜRKÜM', 1),
(619, 43, '6', 'çalışkan', 1),
(620, 43, '67', 'Spam SEO', 0),
(621, 43, '42', 'İnternet', 0),
(622, 43, '77', 'Kişisel Verilerin Korunması Kanunu', 1),
(623, 43, '52', 'İstemcilerde ek donanım ve/veya yazılım ile limitleme ve yasaklar koyabilirsiniz.', 0),
(624, 43, '72', 'Amazon', 1),
(625, 43, '32', 'Firewall anamoli isteklerini engellemeye yarayan güvenlik duvarı sistemidir.', 0),
(626, 43, '18', 'Data Scraping', 1),
(627, 43, '13', 'Unified Threat Management', 1),
(628, 43, '27', 'Saldırganların ve diğer kullanıcıların güvenlik açıklarını bulmasının kolaylığının ölçüsüdür.', 0),
(629, 43, '57', 'Wordpress', 1),
(630, 43, '37', 'Bulut Sistemleri', 0),
(631, 43, '47', 'İnternet', 1),
(632, 43, '62', 'Search Engine Results Pages', 1),
(633, 44, '1', 'TÜRKÜM', 1),
(634, 44, '6', 'çalışkan', 1),
(635, 44, '42', 'Modem/Router', 0),
(636, 44, '27', 'Saldırganların ve diğer kullanıcıların güvenlik açıklarını bulmasının kolaylığının ölçüsüdür.', 0),
(637, 44, '32', 'Firewall bilgisayar sistemleri için üretilen güvenlik duvarı sistemleridir.', 1),
(638, 44, '67', 'Spam SEO', 0),
(639, 44, '62', 'Search Engineer Research Point', 0),
(640, 44, '72', 'Amazon', 1),
(641, 44, '77', 'Kişisel Verilerin Korunması Kanunu', 1),
(642, 44, '57', 'Wordpress', 1),
(643, 44, '52', 'Bir şirket içerisinde çalışanların sosyal medya erişimleri engellenebilir.', 1),
(644, 44, '37', 'Bulut Sistemleri', 0),
(645, 44, '47', 'Log Yönetimi', 0),
(646, 44, '18', 'Data Scraping', 1),
(647, 44, '13', 'Unified Threat Management', 1),
(648, 45, '1', 'TÜRKÜM', 1),
(649, 45, '6', 'çalışkan', 1),
(650, 45, '42', 'Donanım', 1),
(651, 45, '57', 'Wordpress', 1),
(652, 45, '13', 'Unified Three Management', 0),
(653, 45, '27', 'Açıktan yararlanıldığı takdirde verilen hasarın derecesidir.', 0),
(654, 45, '62', 'Search Engine Research Point', 0),
(655, 45, '18', 'Data Scraping', 1),
(656, 45, '32', 'Firewall bilgisayar sistemleri için üretilen güvenlik duvarı sistemleridir.', 1),
(657, 45, '72', 'Amazon', 1),
(658, 45, '47', 'IPS/IDS', 0),
(659, 45, '77', 'Kişisel Verilerin Korunması Kanunu', 1),
(660, 45, '37', 'Modem/Router', 0),
(661, 45, '67', 'Malware', 0),
(662, 45, '52', 'İstemcilerde ek donanım ve/veya yazılım ile limitleme ve yasaklar koyabilirsiniz.', 0),
(663, 46, '1', 'TÜRKÜM', 1),
(664, 46, '6', 'çalışkan', 1),
(665, 46, '32', 'Firewall internete güvenli bir şekilde bağlanmayı sağlayan bir duvardır.', 0),
(666, 46, '72', 'Amazon', 1),
(667, 46, '52', 'İstemcilerde ek donanım ve/veya yazılım ile limitleme ve yasaklar koyabilirsiniz.', 0),
(668, 46, '37', 'Bulut Sistemleri', 0),
(669, 46, '42', 'Yazılım', 0),
(670, 46, '18', 'Data Scraping', 1),
(671, 46, '13', 'Unified Threat Management', 1),
(672, 46, '27', 'Bir saldırganın güvenlik açıklarından yararlanmasının ne kadar kolay veya ne kadar zor olduğunu beli', 1),
(673, 46, '67', 'Backdoor', 0),
(674, 46, '62', 'Search Engine Research Point', 0),
(675, 46, '47', 'İnternet', 1),
(676, 46, '57', 'Wordpress', 1),
(677, 46, '77', 'Kurumsal Verilerin Korunması Kanunu', 0),
(678, 47, '1', 'TÜRKÜM', 1),
(679, 47, '6', 'çalışkan', 1),
(680, 47, '52', 'Virüsler, trojanlar, spamlar ve benzeri saldırıları gerçekleştirilebilir.', 0),
(681, 47, '37', 'Bulut Sistemleri', 0),
(682, 47, '67', 'Backdoor', 0),
(683, 47, '13', 'Unified Three Management', 0),
(684, 47, '27', 'Bir saldırganın güvenlik açıklarından yararlanmasının ne kadar kolay veya ne kadar zor olduğunu beli', 1),
(685, 47, '77', 'Kişisel Verilerin Korunması Kanunu', 1),
(686, 47, '62', 'Search Engine Results Pages', 1),
(687, 47, '18', 'Broken Authentication', 0),
(688, 47, '47', 'İnternet', 1),
(689, 47, '57', 'Wordpress', 1),
(690, 47, '32', 'Firewall bilgisayar sistemleri için üretilen güvenlik duvarı sistemleridir.', 1),
(691, 47, '72', 'Amazon', 1),
(692, 48, '1', 'TÜRKÜM', 1),
(693, 48, '6', 'çalışkan', 1),
(694, 48, '47', 'İnternet', 1),
(695, 48, '72', 'Amazon', 1),
(696, 48, '62', 'Search Engine Research Point', 0),
(697, 48, '18', 'Data Scraping', 1),
(698, 48, '52', 'İstemcilerde ek donanım ve/veya yazılım ile limitleme ve yasaklar koyabilirsiniz.', 0),
(699, 48, '67', 'Siber Zorbalık', 1),
(700, 48, '37', 'Donanım', 1),
(701, 48, '77', 'Kişisel Verilerin Korunması Kanunu', 1),
(702, 48, '13', 'Unified Threat Management', 1),
(703, 48, '42', 'Donanım', 1),
(704, 48, '32', 'Firewall gelen ve giden tüm verileri şifreleyip, ağda zararlı paketleri engellemektir.', 0),
(705, 48, '57', 'Wordpress', 1),
(706, 48, '27', 'Saldırganların ve diğer kullanıcıların güvenlik açıklarını bulmasının kolaylığının ölçüsüdür.', 0),
(707, 49, '1', 'TÜRKÜM', 1),
(708, 49, '6', 'çalışkan', 1),
(709, 49, '77', 'Kişisel Verilerin Korunması Kanunu', 1),
(710, 49, '72', 'Amazon', 1),
(711, 49, '32', 'Firewall internete güvenli bir şekilde bağlanmayı sağlayan bir duvardır.', 0),
(712, 49, '57', 'Joomla', 0),
(713, 49, '52', 'Virüsler, trojanlar, spamlar ve benzeri saldırıları gerçekleştirilebilir.', 0),
(714, 49, '67', 'Siber Zorbalık', 1),
(715, 49, '13', 'Unified Threat Management', 1),
(716, 49, '37', 'Bulut Sistemleri', 0),
(717, 49, '27', 'Sistem veya uygulama açığının ne sıklıkla görüldüğünü belirtir.', 0),
(718, 49, '62', 'Search Engine Research Point', 0),
(719, 49, '47', 'Log Yönetimi', 0),
(720, 49, '18', 'Cross-Site Scripting', 0),
(721, 49, '42', 'Donanım', 1),
(722, 50, '1', 'TÜRKÜM', 1),
(723, 50, '6', 'çalışkan', 1),
(724, 50, '57', 'Wordpress', 1),
(725, 50, '32', 'Firewall gelen ve giden tüm verileri şifreleyip, ağda zararlı paketleri engellemektir.', 0),
(726, 50, '52', 'İstemcilerde ek donanım ve/veya yazılım ile limitleme ve yasaklar koyabilirsiniz.', 0),
(727, 50, '13', 'Unified Threat Management', 1),
(728, 50, '18', 'Data Scraping', 1),
(729, 50, '62', 'Search Engine Research Point', 0),
(730, 50, '77', 'Kişisel Verilerin Korunması Kanunu', 1),
(731, 50, '67', 'Siber Zorbalık', 1),
(732, 50, '27', 'Saldırganların ve diğer kullanıcıların güvenlik açıklarını bulmasının kolaylığının ölçüsüdür.', 0),
(733, 50, '42', 'İnternet', 0),
(734, 50, '37', 'Modem/Router', 0),
(735, 50, '72', 'Amazon', 1),
(736, 50, '47', 'İnternet', 1),
(737, 51, '1', 'TÜRKÜM', 1),
(738, 51, '6', 'çalışkan', 1),
(739, 51, '13', 'Unified Threat Management', 1),
(740, 51, '52', 'Virüsler, trojanlar, spamlar ve benzeri saldırıları gerçekleştirilebilir.', 0),
(741, 51, '32', 'Firewall gelen ve giden tüm verileri şifreleyip, ağda zararlı paketleri engellemektir.', 0),
(742, 51, '42', 'Donanım', 1),
(743, 51, '77', 'Kişisel Verilerin Korunması Kanunu', 1),
(744, 51, '37', 'Modem/Router', 0),
(745, 51, '27', 'Bir saldırganın güvenlik açıklarından yararlanmasının ne kadar kolay veya ne kadar zor olduğunu beli', 1),
(746, 51, '67', 'Malware', 0),
(747, 51, '62', 'Search Elastics Result Pages ', 0),
(748, 51, '57', 'Wordpress', 1),
(749, 51, '47', 'İnternet', 1),
(750, 51, '72', 'Amazon', 1),
(751, 51, '18', 'Broken Authentication', 0),
(752, 52, '1', 'TÜRKÜM', 1),
(753, 52, '6', 'çalışkan', 1),
(754, 52, '47', 'İnternet', 1),
(755, 52, '62', 'Search Engineer Research Point', 0),
(756, 52, '13', 'Unified Three Management', 0),
(757, 52, '57', 'Instagram', 0),
(758, 52, '77', 'Kişisel Verilerin Korunması Kanunu', 1),
(759, 52, '27', 'Bir saldırganın güvenlik açıklarından yararlanmasının ne kadar kolay veya ne kadar zor olduğunu beli', 1),
(760, 52, '18', 'SQL Injection', 0),
(761, 52, '72', 'Microsoft / Windows', 0),
(762, 52, '32', 'Firewall gelen ve giden tüm verileri şifreleyip, ağda zararlı paketleri engellemektir.', 0),
(763, 52, '67', 'Spam SEO', 0),
(764, 52, '37', 'Modem/Router', 0),
(765, 52, '52', 'Saldırı altında, anti virüs sistemlerini devre dışı bırakılabilir.', 0),
(766, 52, '42', 'Modem/Router', 0),
(767, 53, '1', 'TÜRKÜM', 1),
(768, 53, '6', 'çalışkan', 1),
(769, 53, '67', 'Spam SEO', 0),
(770, 53, '42', 'İnternet', 0),
(771, 53, '27', 'Açıktan yararlanıldığı takdirde verilen hasarın derecesidir.', 0),
(772, 53, '32', 'Firewall internete güvenli bir şekilde bağlanmayı sağlayan bir duvardır.', 0),
(773, 53, '62', 'Search Engine Research Point', 0),
(774, 53, '18', 'Broken Authentication', 0),
(775, 53, '37', 'Modem/Router', 0),
(776, 53, '72', 'Amazon', 1),
(777, 53, '13', 'Uni Threat Management', 0),
(778, 53, '47', 'IPS/IDS', 0),
(779, 53, '57', 'Wordpress', 1),
(780, 54, '1', 'TÜRKÜM', 1),
(781, 54, '6', 'çalışkan', 1),
(782, 54, '47', 'İnternet', 1),
(783, 54, '72', 'Amazon', 1),
(784, 54, '18', 'Data Scraping', 1),
(785, 54, '57', 'Wordpress', 1),
(786, 54, '62', 'Search Engine Research Point', 0),
(787, 54, '42', 'Donanım', 1),
(788, 54, '52', 'İstemcilerde ek donanım ve/veya yazılım ile limitleme ve yasaklar koyabilirsiniz.', 0),
(789, 54, '27', 'Saldırganların ve diğer kullanıcıların güvenlik açıklarını bulmasının kolaylığının ölçüsüdür.', 0),
(790, 54, '13', 'Unified Threat Management', 1),
(791, 54, '32', 'Firewall anamoli isteklerini engellemeye yarayan güvenlik duvarı sistemidir.', 0),
(792, 54, '77', 'Kurumsal Verilerin Korunması Kanunu', 0),
(793, 54, '67', 'Spam SEO', 0),
(794, 54, '37', 'Bulut Sistemleri', 0),
(795, 55, '1', 'TÜRKÜM', 1),
(796, 55, '6', 'çalışkan', 1),
(797, 55, '52', 'Saldırı altında, anti virüs sistemlerini devre dışı bırakılabilir.', 0),
(798, 55, '32', 'Firewall anamoli isteklerini engellemeye yarayan güvenlik duvarı sistemidir.', 0),
(799, 55, '13', 'Unified Threat Management', 1),
(800, 55, '27', 'Bir saldırganın güvenlik açıklarından yararlanmasının ne kadar kolay veya ne kadar zor olduğunu beli', 1),
(801, 55, '42', 'İnternet', 0),
(802, 55, '37', 'Modem/Router', 0),
(803, 55, '67', 'Malware', 0),
(804, 55, '72', 'Amazon', 1),
(805, 55, '47', 'İnternet', 1),
(806, 55, '18', 'Cross-Site Scripting', 0),
(807, 55, '62', 'Search Engine Results Pages', 1),
(808, 55, '77', 'Kişisel Verilerin Korunması Kanunu', 1),
(809, 55, '57', 'Wordpress', 1);

-- --------------------------------------------------------

--
-- Tablo için tablo yapısı `score_db`
--

CREATE TABLE `score_db` (
  `score_id` int(11) NOT NULL,
  `score_students_id` int(11) NOT NULL,
  `score_score` int(11) NOT NULL
) ENGINE=InnoDB DEFAULT CHARSET=utf8 COLLATE=utf8_turkish_ci;

-- --------------------------------------------------------

--
-- Tablo için tablo yapısı `students_db`
--

CREATE TABLE `students_db` (
  `students_id` int(11) NOT NULL,
  `students_firstName` varchar(25) COLLATE utf8_turkish_ci NOT NULL,
  `students_lastName` varchar(25) COLLATE utf8_turkish_ci NOT NULL,
  `students_no` int(9) NOT NULL
) ENGINE=InnoDB DEFAULT CHARSET=utf8 COLLATE=utf8_turkish_ci;

--
-- Tablo döküm verisi `students_db`
--

INSERT INTO `students_db` (`students_id`, `students_firstName`, `students_lastName`, `students_no`) VALUES
(1, 'Bedirhan', 'ERKAN', 16542505),
(2, 'Muhammed Talha', 'Çiğdem', 175541011),
(3, 'Ramazan ', 'Altun', 16542512),
(4, 'Burhan', 'Göksel', 16541544),
(5, 'Firat', 'Sahin', 175541041),
(6, 'Ali', 'Metin', 16541561),
(7, 'Bertan', 'Kabak', 16541535),
(8, 'Burak', 'Keten', 175541007),
(9, 'Furkan', 'Topaloğlu', 16541560),
(10, 'Beyza ', 'Çiftçioğlu ', 16541547),
(11, 'Asiye', 'Dönmez ', 16541565),
(12, 'Ayşe', 'Eraslan', 16541564),
(13, 'Veysel', 'Günes', 16542506),
(14, 'Fatih', 'Durmaz', 175541315),
(15, 'Akın burak', 'Yazlık', 16541550),
(16, 'Hasan', 'Ucuzal', 185541305),
(17, 'Aykut', 'Kaplan', 15541533),
(18, 'Enis Can', 'Yılmaz', 15541531),
(19, 'Fatih', 'Uludağ', 16541504),
(20, 'Merve', 'Atak', 175541057),
(21, 'Şamil', 'Öztoprak', 15542515),
(22, 'Mehmet Can', 'AKKAŞ', 14542518),
(23, 'Arzu', 'Yılar', 175541031),
(24, 'Duran', 'Çaymaz', 16542510),
(25, 'İhsan', 'Cenkız', 175541022),
(26, 'Muhammed Berkay', 'Şahin', 175541010),
(27, 'Yakup Samet ', 'Koç', 16542504),
(28, 'Ufuk', 'Canbaz ', 185541096),
(29, 'Regaip', 'Aydoğdu', 175541026),
(30, 'Melih ', 'Bozcan', 16541533),
(31, 'Mustafa Enes', 'Özçelik', 175541068),
(32, 'Mert', 'Bektaş', 16541522),
(33, 'EMRE', 'EŞKİLİ', 175541024),
(34, 'Harun', 'Kurt', 16542509),
(35, 'Volkan', 'Ünlü', 14542524),
(36, 'FIRAT', 'Seven', 195541067),
(37, 'Enes', 'Özcan', 175541045),
(38, 'Furkan', 'Erdoğan ', 175541028),
(39, 'Hüseyin Yuşa ', 'Oruç', 175541061),
(40, 'Hasan', 'Cahan', 175541035),
(41, 'Kemal', 'Bayram', 15542516),
(42, 'Berna', 'Uzunoğlu', 16542513),
(43, 'Hakan', 'Yıldız ', 175541049),
(44, 'Halil ibrahim', 'Yanık', 175541040),
(45, 'Ramazan', 'Akbuz', 185541304),
(46, 'Firdevs', 'İslam', 13541059),
(47, 'İbrahim', 'Doğan', 15541546),
(48, 'Ali Osman Serdar', 'Demirkol', 175542010),
(49, 'fatih ', 'sahan', 14545569),
(50, 'Emine ', 'Sağıroğlu ', 16542502),
(51, 'Yasin', 'Uğur', 175541043),
(52, 'Nurullah ', 'Kazan ', 175541003),
(53, 'Zeliha', 'Aydoğan', 175541036),
(54, 'Anıl', 'Özçelik', 14542522),
(55, 'Demet', 'Polat', 12541523);

--
-- Dökümü yapılmış tablolar için indeksler
--

--
-- Tablo için indeksler `question_db`
--
ALTER TABLE `question_db`
  ADD PRIMARY KEY (`question_id`);

--
-- Tablo için indeksler `results_db`
--
ALTER TABLE `results_db`
  ADD PRIMARY KEY (`results_id`);

--
-- Tablo için indeksler `score_db`
--
ALTER TABLE `score_db`
  ADD PRIMARY KEY (`score_id`);

--
-- Tablo için indeksler `students_db`
--
ALTER TABLE `students_db`
  ADD PRIMARY KEY (`students_id`);

--
-- Dökümü yapılmış tablolar için AUTO_INCREMENT değeri
--

--
-- Tablo için AUTO_INCREMENT değeri `question_db`
--
ALTER TABLE `question_db`
  MODIFY `question_id` int(11) NOT NULL AUTO_INCREMENT, AUTO_INCREMENT=82;

--
-- Tablo için AUTO_INCREMENT değeri `results_db`
--
ALTER TABLE `results_db`
  MODIFY `results_id` int(11) NOT NULL AUTO_INCREMENT, AUTO_INCREMENT=810;

--
-- Tablo için AUTO_INCREMENT değeri `score_db`
--
ALTER TABLE `score_db`
  MODIFY `score_id` int(11) NOT NULL AUTO_INCREMENT;

--
-- Tablo için AUTO_INCREMENT değeri `students_db`
--
ALTER TABLE `students_db`
  MODIFY `students_id` int(11) NOT NULL AUTO_INCREMENT, AUTO_INCREMENT=56;
COMMIT;

/*!40101 SET CHARACTER_SET_CLIENT=@OLD_CHARACTER_SET_CLIENT */;
/*!40101 SET CHARACTER_SET_RESULTS=@OLD_CHARACTER_SET_RESULTS */;
/*!40101 SET COLLATION_CONNECTION=@OLD_COLLATION_CONNECTION */;
